{
  "canvas": {
    "width": 1434,
    "height": 800,
    "viewBox": "0 0 1434 800"
  },
  "colors": {
    "wall_primary": "#0000FF",
    "wall_thickness": 3,
    "stair_pattern": "#FF00FF",
    "stair_border": "#00AA00",
    "text": "#0000FF",
    "marker": "#FF00FF",
    "border_top": "#C41E3A",
    "border_bottom": "#008000",
    "grid_green": "#00AA00",
    "grid_yellow": "#FFFF00",
    "background": "#FFFFFF",
    "wall_secondary": "#000000",
    "selection_highlight": "#FFFF00"
  },
  "borders": {
    "top": {
      "x1": 0,
      "y1": 15,
      "x2": 1434,
      "y2": 15,
      "color": "#C41E3A",
      "thickness": 2
    },
    "bottom": {
      "x1": 0,
      "y1": 785,
      "x2": 1434,
      "y2": 785,
      "color": "#008000",
      "thickness": 2
    },
    "left": {
      "x1": 15,
      "y1": 0,
      "x2": 15,
      "y2": 800,
      "color": "#C41E3A",
      "thickness": 2
    },
    "right": {
      "x1": 1419,
      "y1": 0,
      "x2": 1419,
      "y2": 800,
      "color": "#008000",
      "thickness": 2
    }
  },
  "grid": {
    "vertical_lines": [
      { "x": 130, "color": "#00AA00" },
      { "x": 165, "color": "#FFFF00" },
      { "x": 230, "color": "#00AA00" },
      { "x": 265, "color": "#FFFF00" },
      { "x": 330, "color": "#00AA00" },
      { "x": 365, "color": "#FFFF00" },
      { "x": 430, "color": "#00AA00" },
      { "x": 465, "color": "#FFFF00" },
      { "x": 530, "color": "#00AA00" },
      { "x": 565, "color": "#FFFF00" },
      { "x": 630, "color": "#00AA00" },
      { "x": 665, "color": "#FFFF00" },
      { "x": 730, "color": "#00AA00" },
      { "x": 765, "color": "#FFFF00" },
      { "x": 830, "color": "#00AA00" },
      { "x": 865, "color": "#FFFF00" },
      { "x": 930, "color": "#00AA00" },
      { "x": 965, "color": "#FFFF00" },
      { "x": 1030, "color": "#00AA00" },
      { "x": 1065, "color": "#FFFF00" },
      { "x": 1130, "color": "#00AA00" },
      { "x": 1165, "color": "#FFFF00" },
      { "x": 1230, "color": "#00AA00" },
      { "x": 1265, "color": "#FFFF00" },
      { "x": 1330, "color": "#00AA00" },
      { "x": 1365, "color": "#FFFF00" }
    ]
  },
  "rooms": [
    {
      "id": 0,
      "name": "Sala 0",
      "description": "",
      "x": 210,
      "y": 155,
      "width": 155,
      "height": 130,
      "type": "regular",
      "textX": 287,
      "textY": 220,
      "color": "#FFFFFF",
      "borderColor": "#0000FF",
      "borderThickness": 3,
      "link": null,
      "selected": false
    },
    {
      "id": 1,
      "name": "Sala 1",
      "description": "",
      "x": 25,
      "y": 550,
      "width": 135,
      "height": 215,
      "type": "regular",
      "textX": 92,
      "textY": 657,
      "color": "#FFFFFF",
      "borderColor": "#0000FF",
      "borderThickness": 3,
      "link": null,
      "selected": false
    },
    {
      "id": 2,
      "name": "Sala 2",
      "description": "Stairwell",
      "x": 160,
      "y": 430,
      "width": 70,
      "height": 105,
      "type": "stairwell",
      "textX": 195,
      "textY": 482,
      "color": "#FFFFFF",
      "borderColor": "#00AA00",
      "borderThickness": 3,
      "hasStairPattern": true,
      "link": null,
      "selected": false
    },
    {
      "id": 3,
      "name": "Sala 3",
      "description": "",
      "x": 25,
      "y": 130,
      "width": 80,
      "height": 130,
      "type": "regular",
      "textX": 65,
      "textY": 195,
      "color": "#FFFFFF",
      "borderColor": "#0000FF",
      "borderThickness": 3,
      "link": null,
      "selected": false
    },
    {
      "id": 4,
      "name": "Sala 4",
      "description": "",
      "x": 110,
      "y": 85,
      "width": 75,
      "height": 180,
      "type": "regular",
      "textX": 147,
      "textY": 175,
      "color": "#FFFFFF",
      "borderColor": "#0000FF",
      "borderThickness": 3,
      "link": null,
      "selected": false
    },
    {
      "id": 5,
      "name": "Sala 5",
      "description": "",
      "x": 193,
      "y": 85,
      "width": 60,
      "height": 150,
      "type": "regular",
      "textX": 223,
      "textY": 160,
      "color": "#FFFFFF",
      "borderColor": "#0000FF",
      "borderThickness": 3,
      "link": null,
      "selected": false
    },
    {
      "id": 6,
      "name": "Sala 6",
      "description": "",
      "x": 261,
      "y": 85,
      "width": 78,
      "height": 145,
      "type": "regular",
      "textX": 300,
      "textY": 157,
      "color": "#FFFFFF",
      "borderColor": "#0000FF",
      "borderThickness": 3,
      "link": null,
      "selected": false
    },
    {
      "id": 7,
      "name": "Sala 7",
      "description": "",
      "x": 347,
      "y": 85,
      "width": 75,
      "height": 150,
      "type": "regular",
      "textX": 384,
      "textY": 160,
      "color": "#FFFFFF",
      "borderColor": "#0000FF",
      "borderThickness": 3,
      "link": null,
      "selected": false
    },
    {
      "id": 8,
      "name": "Sala 8",
      "description": "",
      "x": 440,
      "y": 85,
      "width": 250,
      "height": 130,
      "type": "regular",
      "textX": 565,
      "textY": 150,
      "color": "#FFFFFF",
      "borderColor": "#0000FF",
      "borderThickness": 3,
      "link": null,
      "selected": false
    },
    {
      "id": 9,
      "name": "Sala 9",
      "description": "",
      "x": 930,
      "y": 200,
      "width": 140,
      "height": 165,
      "type": "regular",
      "textX": 1000,
      "textY": 282,
      "color": "#FFFFFF",
      "borderColor": "#0000FF",
      "borderThickness": 3,
      "link": null,
      "selected": false
    },
    {
      "id": 10,
      "name": "Sala 10",
      "description": "",
      "x": 1080,
      "y": 30,
      "width": 135,
      "height": 85,
      "type": "regular",
      "textX": 1147,
      "textY": 72,
      "color": "#FFFFFF",
      "borderColor": "#0000FF",
      "borderThickness": 3,
      "link": null,
      "selected": false
    },
    {
      "id": 11,
      "name": "Sala 11",
      "description": "",
      "x": 1080,
      "y": 123,
      "width": 135,
      "height": 85,
      "type": "regular",
      "textX": 1147,
      "textY": 165,
      "color": "#FFFFFF",
      "borderColor": "#0000FF",
      "borderThickness": 3,
      "link": null,
      "selected": false
    },
    {
      "id": 12,
      "name": "Sala 12",
      "description": "",
      "x": 1080,
      "y": 216,
      "width": 135,
      "height": 85,
      "type": "regular",
      "textX": 1147,
      "textY": 258,
      "color": "#FFFFFF",
      "borderColor": "#0000FF",
      "borderThickness": 3,
      "link": null,
      "selected": false
    },
    {
      "id": 13,
      "name": "Sala 13",
      "description": "",
      "x": 930,
      "y": 450,
      "width": 285,
      "height": 315,
      "type": "regular",
      "textX": 1072,
      "textY": 607,
      "color": "#FFFFFF",
      "borderColor": "#0000FF",
      "borderThickness": 3,
      "link": null,
      "selected": false
    },
    {
      "id": 14,
      "name": "Sala 14",
      "description": "",
      "x": 710,
      "y": 450,
      "width": 118,
      "height": 315,
      "type": "regular",
      "textX": 769,
      "textY": 607,
      "color": "#FFFFFF",
      "borderColor": "#0000FF",
      "borderThickness": 3,
      "link": null,
      "selected": false
    },
    {
      "id": 15,
      "name": "Sala 15",
      "description": "",
      "x": 525,
      "y": 415,
      "width": 185,
      "height": 350,
      "type": "regular",
      "textX": 617,
      "textY": 590,
      "color": "#FFFFFF",
      "borderColor": "#0000FF",
      "borderThickness": 3,
      "link": null,
      "selected": false
    },
    {
      "id": 16,
      "name": "Sala 16",
      "description": "",
      "x": 440,
      "y": 250,
      "width": 285,
      "height": 165,
      "type": "regular",
      "textX": 582,
      "textY": 332,
      "color": "#FFFFFF",
      "borderColor": "#0000FF",
      "borderThickness": 3,
      "link": null,
      "selected": false
    },
    {
      "id": 17,
      "name": "Sala 17",
      "description": "",
      "x": 370,
      "y": 550,
      "width": 95,
      "height": 215,
      "type": "regular",
      "textX": 417,
      "textY": 657,
      "color": "#FFFFFF",
      "borderColor": "#0000FF",
      "borderThickness": 3,
      "link": null,
      "selected": false
    },
    {
      "id": 18,
      "name": "Sala 18",
      "description": "",
      "x": 280,
      "y": 550,
      "width": 88,
      "height": 215,
      "type": "regular",
      "textX": 324,
      "textY": 657,
      "color": "#FFFFFF",
      "borderColor": "#0000FF",
      "borderThickness": 3,
      "link": null,
      "selected": false
    },
    {
      "id": 19,
      "name": "Sala 19",
      "description": "Stairwell",
      "x": 161,
      "y": 285,
      "width": 70,
      "height": 75,
      "type": "stairwell",
      "textX": 196,
      "textY": 322,
      "color": "#FFFFFF",
      "borderColor": "#0000FF",
      "borderThickness": 3,
      "hasStairPattern": false,
      "link": null,
      "selected": false
    }
  ],
  "walls": [
    {
      "id": "wall_1",
      "type": "path",
      "points": [
        { "x": 25, "y": 280 },
        { "x": 25, "y": 130 },
        { "x": 110, "y": 130 },
        { "x": 110, "y": 85 },
        { "x": 193, "y": 85 },
        { "x": 193, "y": 115 },
        { "x": 210, "y": 115 },
        { "x": 210, "y": 85 },
        { "x": 261, "y": 85 },
        { "x": 261, "y": 115 },
        { "x": 347, "y": 115 },
        { "x": 347, "y": 85 },
        { "x": 422, "y": 85 }
      ],
      "color": "#0000FF",
      "thickness": 3,
      "curved": true,
      "curveRadius": 12
    },
    {
      "id": "wall_2",
      "type": "path",
      "points": [
        { "x": 110, "y": 265 },
        { "x": 110, "y": 280 },
        { "x": 25, "y": 280 }
      ],
      "color": "#0000FF",
      "thickness": 3,
      "curved": true,
      "curveRadius": 12
    },
    {
      "id": "wall_3",
      "type": "path",
      "points": [
        { "x": 160, "y": 360 },
        { "x": 160, "y": 430 }
      ],
      "color": "#0000FF",
      "thickness": 3,
      "curved": false
    },
    {
      "id": "wall_4",
      "type": "path",
      "points": [
        { "x": 230, "y": 360 },
        { "x": 280, "y": 360 },
        { "x": 280, "y": 550 }
      ],
      "color": "#0000FF",
      "thickness": 3,
      "curved": true,
      "curveRadius": 12
    },
    {
      "id": "wall_5",
      "type": "path",
      "points": [
        { "x": 370, "y": 415 },
        { "x": 440, "y": 415 }
      ],
      "color": "#0000FF",
      "thickness": 3,
      "curved": false
    },
    {
      "id": "wall_6",
      "type": "path",
      "points": [
        { "x": 440, "y": 285 },
        { "x": 440, "y": 250 }
      ],
      "color": "#0000FF",
      "thickness": 3,
      "curved": false
    },
    {
      "id": "wall_7",
      "type": "path",
      "points": [
        { "x": 525, "y": 360 },
        { "x": 710, "y": 360 }
      ],
      "color": "#0000FF",
      "thickness": 3,
      "curved": true,
      "curveRadius": 12
    },
    {
      "id": "wall_8",
      "type": "path",
      "points": [
        { "x": 690, "y": 215 },
        { "x": 930, "y": 215 }
      ],
      "color": "#0000FF",
      "thickness": 3,
      "curved": true,
      "curveRadius": 12
    },
    {
      "id": "wall_9",
      "type": "path",
      "points": [
        { "x": 930, "y": 280 },
        { "x": 930, "y": 200 }
      ],
      "color": "#0000FF",
      "thickness": 3,
      "curved": false
    },
    {
      "id": "wall_10",
      "type": "path",
      "points": [
        { "x": 1070, "y": 200 },
        { "x": 1080, "y": 200 }
      ],
      "color": "#0000FF",
      "thickness": 3,
      "curved": false
    },
    {
      "id": "wall_right_verticals",
      "type": "path",
      "points": [
        { "x": 1215, "y": 30 },
        { "x": 1215, "y": 450 }
      ],
      "color": "#0000FF",
      "thickness": 3,
      "curved": false
    }
  ],
  "stairs": [
    {
      "id": "stair_1",
      "roomId": 2,
      "x": 165,
      "y": 435,
      "width": 60,
      "height": 95,
      "lineSpacing": 8,
      "lineColor": "#FF00FF",
      "borderColor": "#00AA00",
      "borderThickness": 2
    },
    {
      "id": "stair_2",
      "roomId": 19,
      "x": 680,
      "y": 85,
      "width": 80,
      "height": 110,
      "lineSpacing": 8,
      "lineColor": "#FF00FF",
      "borderColor": "#FF00FF",
      "borderThickness": 2
    }
  ],
  "markers": [
    { "x": 25, "y": 30, "type": "corner" },
    { "x": 110, "y": 30, "type": "junction" },
    { "x": 280, "y": 30, "type": "junction" },
    { "x": 422, "y": 30, "type": "junction" },
    { "x": 690, "y": 30, "type": "junction" },
    { "x": 930, "y": 30, "type": "junction" },
    { "x": 1215, "y": 30, "type": "corner" },
    { "x": 25, "y": 450, "type": "junction" },
    { "x": 280, "y": 450, "type": "junction" },
    { "x": 525, "y": 450, "type": "junction" },
    { "x": 710, "y": 450, "type": "junction" },
    { "x": 930, "y": 450, "type": "junction" },
    { "x": 1215, "y": 450, "type": "junction" },
    { "x": 25, "y": 765, "type": "corner" },
    { "x": 280, "y": 765, "type": "junction" },
    { "x": 422, "y": 765, "type": "junction" },
    { "x": 710, "y": 765, "type": "junction" },
    { "x": 930, "y": 765, "type": "junction" },
    { "x": 1215, "y": 765, "type": "corner" }
  ],
  "metadata": {
    "version": "1.0",
    "lastUpdated": "2026-01-28",
    "author": "TIESSE 2026",
    "description": "Mappatura completa di rete con 20 ambienti, pareti, scale e marcatori"
  }
}
