{
  "devices": [
    {
      "id": 1,
      "rackId": "Rack-Network-01",
      "order": 1,
      "name": "Tiesse-Wifi",
      "brandModel": "Imola LX 0296-20",
      "type": "router_wifi",
      "status": "active",
      "addresses": [],
      "service": "Wifi Tiesse",
      "ports": [
        {
          "name": "eth1",
          "type": "Eth",
          "status": "active"
        },
        {
          "name": "eth2",
          "type": "Eth",
          "status": "active"
        },
        {
          "name": "eth3",
          "type": "Eth",
          "status": "active"
        },
        {
          "name": "eth4",
          "type": "Eth",
          "status": "active"
        },
        {
          "name": "SFP/SFP+01",
          "type": "SFP/SFP+",
          "status": "active"
        },
        {
          "name": "SFP/SFP+02",
          "type": "SFP/SFP+",
          "status": "active"
        }
      ],
      "notes": ""
    },
    {
      "id": 2,
      "rackId": "Rack-Network-01",
      "order": 2,
      "name": "Q8",
      "brandModel": "Lipari5100",
      "type": "router_wifi",
      "status": "active",
      "addresses": [
        {
          "network": "10.12.107.89",
          "ip": "",
          "vlan": null
        }
      ],
      "service": "Q8",
      "ports": [
        {
          "name": "eth0",
          "type": "Eth",
          "status": "active"
        },
        {
          "name": "eth1",
          "type": "Eth",
          "status": "active"
        }
      ],
      "notes": ""
    },
    {
      "id": 3,
      "rackId": "Rack-Network-01",
      "order": 3,
      "name": "Huawei TIM",
      "brandModel": "ISP",
      "type": "isp",
      "status": "active",
      "addresses": [
        {
          "network": "80.18.165.233/29",
          "ip": "",
          "vlan": null
        }
      ],
      "service": "Gw il collegamento in fibra, acesso esclusivo da parte di Telecom",
      "ports": [
        {
          "name": "WAN01",
          "type": "WAN",
          "status": "active"
        },
        {
          "name": "WAN02",
          "type": "WAN",
          "status": "active"
        },
        {
          "name": "WAN03",
          "type": "WAN",
          "status": "active"
        },
        {
          "name": "WAN04",
          "type": "WAN",
          "status": "active"
        },
        {
          "name": "eth1",
          "type": "Eth",
          "status": "active"
        },
        {
          "name": "eth2",
          "type": "Eth",
          "status": "active"
        },
        {
          "name": "eth3",
          "type": "Eth",
          "status": "active"
        },
        {
          "name": "eth4",
          "type": "Eth",
          "status": "active"
        },
        {
          "name": "eth5",
          "type": "Eth",
          "status": "active"
        },
        {
          "name": "eth6",
          "type": "Eth",
          "status": "active"
        },
        {
          "name": "eth7",
          "type": "Eth",
          "status": "active"
        },
        {
          "name": "eth8",
          "type": "Eth",
          "status": "active"
        }
      ],
      "notes": ""
    },
    {
      "id": 4,
      "rackId": "Rack-Network-01",
      "order": 4,
      "name": "RT-Wind-FWA",
      "brandModel": "ImolaLX-5272-IKW",
      "type": "router",
      "status": "active",
      "addresses": [
        {
          "network": "151.13.131.1/24",
          "ip": "172.24.254.11/24",
          "vlan": null
        }
      ],
      "service": "Gw per la rete 151.13.131.0/24, accesso esclusivo da parte di Wind",
      "ports": [
        {
          "name": "eth1",
          "type": "Eth",
          "status": "active"
        },
        {
          "name": "eth2",
          "type": "Eth",
          "status": "active"
        },
        {
          "name": "eth3",
          "type": "Eth",
          "status": "active"
        },
        {
          "name": "eth4",
          "type": "Eth",
          "status": "active"
        },
        {
          "name": "WAN01",
          "type": "WAN",
          "status": "active"
        }
      ],
      "notes": ""
    },
    {
      "id": 5,
      "rackId": "Rack-Network-01",
      "order": 5,
      "name": "Imola7 Global GW",
      "brandModel": "Switch Imola7 0286",
      "type": "switch",
      "status": "active",
      "addresses": [
        {
          "network": "10.10.0.0/16",
          "ip": "10.10.254.254",
          "vlan": null
        }
      ],
      "service": "Global Gateway Aziendale",
      "ports": [
        {
          "name": "eth1",
          "type": "Eth",
          "status": "active"
        },
        {
          "name": "eth2",
          "type": "Eth",
          "status": "active"
        },
        {
          "name": "eth3",
          "type": "Eth",
          "status": "active"
        },
        {
          "name": "eth4",
          "type": "Eth",
          "status": "active"
        },
        {
          "name": "SFP/SFP+01",
          "type": "SFP/SFP+",
          "status": "active"
        },
        {
          "name": "SFP/SFP+02",
          "type": "SFP/SFP+",
          "status": "active"
        },
        {
          "name": "SFP/SFP+03",
          "type": "SFP/SFP+",
          "status": "active"
        },
        {
          "name": "SFP/SFP+04",
          "type": "SFP/SFP+",
          "status": "active"
        },
        {
          "name": "SFP/SFP+05",
          "type": "SFP/SFP+",
          "status": "active"
        },
        {
          "name": "SFP/SFP+06",
          "type": "SFP/SFP+",
          "status": "active"
        }
      ],
      "notes": ""
    },
    {
      "id": 6,
      "rackId": "Rack-Network-01",
      "order": 6,
      "name": "Switch D-Link",
      "brandModel": "Dlink DSG-1024D",
      "type": "switch",
      "status": "active",
      "addresses": [],
      "service": "LAN Tiesse",
      "ports": [
        {
          "name": "eth1",
          "type": "Eth",
          "status": "active"
        },
        {
          "name": "eth2",
          "type": "Eth",
          "status": "active"
        },
        {
          "name": "eth3",
          "type": "Eth",
          "status": "active"
        },
        {
          "name": "eth4",
          "type": "Eth",
          "status": "active"
        },
        {
          "name": "eth5",
          "type": "Eth",
          "status": "active"
        },
        {
          "name": "eth6",
          "type": "Eth",
          "status": "active"
        },
        {
          "name": "eth7",
          "type": "Eth",
          "status": "active"
        },
        {
          "name": "eth8",
          "type": "Eth",
          "status": "active"
        },
        {
          "name": "eth9",
          "type": "Eth",
          "status": "active"
        },
        {
          "name": "eth10",
          "type": "Eth",
          "status": "active"
        },
        {
          "name": "eth11",
          "type": "Eth",
          "status": "active"
        },
        {
          "name": "eth12",
          "type": "Eth",
          "status": "active"
        },
        {
          "name": "eth13",
          "type": "Eth",
          "status": "active"
        },
        {
          "name": "eth14",
          "type": "Eth",
          "status": "active"
        },
        {
          "name": "eth15",
          "type": "Eth",
          "status": "active"
        },
        {
          "name": "eth16",
          "type": "Eth",
          "status": "active"
        },
        {
          "name": "eth17",
          "type": "Eth",
          "status": "active"
        },
        {
          "name": "eth18",
          "type": "Eth",
          "status": "active"
        },
        {
          "name": "eth19",
          "type": "Eth",
          "status": "active"
        },
        {
          "name": "eth20",
          "type": "Eth",
          "status": "active"
        },
        {
          "name": "eth21",
          "type": "Eth",
          "status": "active"
        },
        {
          "name": "eth22",
          "type": "Eth",
          "status": "active"
        },
        {
          "name": "eth23",
          "type": "Eth",
          "status": "active"
        },
        {
          "name": "eth24",
          "type": "Eth",
          "status": "active"
        }
      ],
      "notes": ""
    },
    {
      "id": 7,
      "rackId": "Rack-Network-01",
      "order": 7,
      "name": "RT-Guest-Wifi",
      "brandModel": "Imola 5272 IKW POE",
      "type": "router_wifi",
      "status": "active",
      "addresses": [],
      "service": "Guest Wifi",
      "ports": [
        {
          "name": "eth1",
          "type": "Eth",
          "status": "active"
        },
        {
          "name": "eth2",
          "type": "Eth",
          "status": "active"
        },
        {
          "name": "eth3",
          "type": "Eth",
          "status": "active"
        },
        {
          "name": "eth4",
          "type": "Eth",
          "status": "active"
        },
        {
          "name": "eth5",
          "type": "Eth",
          "status": "active"
        },
        {
          "name": "eth6",
          "type": "Eth",
          "status": "active"
        },
        {
          "name": "eth7",
          "type": "Eth",
          "status": "active"
        },
        {
          "name": "eth8",
          "type": "Eth",
          "status": "active"
        },
        {
          "name": "eth9",
          "type": "Eth",
          "status": "active"
        },
        {
          "name": "eth10",
          "type": "Eth",
          "status": "active"
        },
        {
          "name": "eth11",
          "type": "Eth",
          "status": "active"
        },
        {
          "name": "eth12",
          "type": "Eth",
          "status": "active"
        },
        {
          "name": "WAN01",
          "type": "WAN",
          "status": "active"
        }
      ],
      "notes": ""
    },
    {
      "id": 8,
      "rackId": "Rack-Network-01",
      "order": 8,
      "name": "Imola SRG FWA-WIND",
      "brandModel": "Imola-0272-SGR",
      "type": "router",
      "status": "active",
      "addresses": [
        {
          "network": "151.13.131.2/24",
          "ip": "172.24.254.11/24",
          "vlan": null
        }
      ],
      "service": "FWA Wind",
      "ports": [
        {
          "name": "eth1",
          "type": "Eth",
          "status": "active"
        },
        {
          "name": "eth2",
          "type": "Eth",
          "status": "active"
        },
        {
          "name": "eth3",
          "type": "Eth",
          "status": "active"
        },
        {
          "name": "eth4",
          "type": "Eth",
          "status": "active"
        },
        {
          "name": "eth5",
          "type": "Eth",
          "status": "active"
        },
        {
          "name": "eth6",
          "type": "Eth",
          "status": "active"
        },
        {
          "name": "WAN01",
          "type": "WAN",
          "status": "active"
        },
        {
          "name": "SFP/SFP+01",
          "type": "SFP/SFP+",
          "status": "active"
        },
        {
          "name": "SFP/SFP+02",
          "type": "SFP/SFP+",
          "status": "active"
        }
      ],
      "notes": "Accesso rete Wind FWA"
    },
    {
      "id": 9,
      "rackId": "Rack-Network-01",
      "order": 9,
      "name": "Firewall Fortinet",
      "brandModel": "Fortigate 101E",
      "type": "firewall",
      "status": "disabled",
      "addresses": [],
      "service": "",
      "ports": [
        {
          "name": "eth1",
          "type": "Eth",
          "status": "active"
        },
        {
          "name": "eth2",
          "type": "Eth",
          "status": "active"
        },
        {
          "name": "eth3",
          "type": "Eth",
          "status": "active"
        },
        {
          "name": "eth4",
          "type": "Eth",
          "status": "active"
        },
        {
          "name": "eth5",
          "type": "Eth",
          "status": "active"
        },
        {
          "name": "eth6",
          "type": "Eth",
          "status": "active"
        },
        {
          "name": "eth7",
          "type": "Eth",
          "status": "active"
        },
        {
          "name": "eth8",
          "type": "Eth",
          "status": "active"
        },
        {
          "name": "eth9",
          "type": "Eth",
          "status": "active"
        },
        {
          "name": "eth10",
          "type": "Eth",
          "status": "active"
        },
        {
          "name": "eth11",
          "type": "Eth",
          "status": "active"
        },
        {
          "name": "eth12",
          "type": "Eth",
          "status": "active"
        },
        {
          "name": "eth13",
          "type": "Eth",
          "status": "active"
        },
        {
          "name": "eth14",
          "type": "Eth",
          "status": "active"
        },
        {
          "name": "eth15",
          "type": "Eth",
          "status": "active"
        },
        {
          "name": "eth16",
          "type": "Eth",
          "status": "active"
        },
        {
          "name": "WAN01",
          "type": "WAN",
          "status": "active"
        },
        {
          "name": "WAN02",
          "type": "WAN",
          "status": "active"
        },
        {
          "name": "others01",
          "type": "others",
          "status": "active"
        },
        {
          "name": "others02",
          "type": "others",
          "status": "active"
        },
        {
          "name": "others03",
          "type": "others",
          "status": "active"
        },
        {
          "name": "others04",
          "type": "others",
          "status": "active"
        },
        {
          "name": "others05",
          "type": "others",
          "status": "active"
        },
        {
          "name": "others06",
          "type": "others",
          "status": "active"
        },
        {
          "name": "others07",
          "type": "others",
          "status": "active"
        }
      ],
      "notes": ""
    },
    {
      "id": 10,
      "rackId": "Rack-Network-01",
      "order": 10,
      "name": "Switch Elba",
      "brandModel": "Switch Elba Tiesse",
      "type": "switch",
      "status": "active",
      "addresses": [],
      "service": "Collegamento Rack-Network-02",
      "ports": [
        {
          "name": "eth1",
          "type": "Eth",
          "status": "active"
        },
        {
          "name": "eth2",
          "type": "Eth",
          "status": "active"
        },
        {
          "name": "eth3",
          "type": "Eth",
          "status": "active"
        },
        {
          "name": "eth4",
          "type": "Eth",
          "status": "active"
        },
        {
          "name": "eth5",
          "type": "Eth",
          "status": "active"
        },
        {
          "name": "eth6",
          "type": "Eth",
          "status": "active"
        },
        {
          "name": "eth7",
          "type": "Eth",
          "status": "active"
        },
        {
          "name": "eth8",
          "type": "Eth",
          "status": "active"
        },
        {
          "name": "eth9",
          "type": "Eth",
          "status": "active"
        },
        {
          "name": "eth10",
          "type": "Eth",
          "status": "active"
        },
        {
          "name": "eth11",
          "type": "Eth",
          "status": "active"
        },
        {
          "name": "eth12",
          "type": "Eth",
          "status": "active"
        },
        {
          "name": "eth13",
          "type": "Eth",
          "status": "active"
        },
        {
          "name": "eth14",
          "type": "Eth",
          "status": "active"
        },
        {
          "name": "eth15",
          "type": "Eth",
          "status": "active"
        },
        {
          "name": "eth16",
          "type": "Eth",
          "status": "active"
        },
        {
          "name": "eth17",
          "type": "Eth",
          "status": "active"
        },
        {
          "name": "eth18",
          "type": "Eth",
          "status": "active"
        },
        {
          "name": "eth19",
          "type": "Eth",
          "status": "active"
        },
        {
          "name": "eth20",
          "type": "Eth",
          "status": "active"
        },
        {
          "name": "eth21",
          "type": "Eth",
          "status": "active"
        },
        {
          "name": "eth22",
          "type": "Eth",
          "status": "active"
        },
        {
          "name": "eth23",
          "type": "Eth",
          "status": "active"
        },
        {
          "name": "eth24",
          "type": "Eth",
          "status": "active"
        },
        {
          "name": "GbE01",
          "type": "GbE",
          "status": "active"
        },
        {
          "name": "GbE02",
          "type": "GbE",
          "status": "active"
        },
        {
          "name": "SFP/SFP+01",
          "type": "SFP/SFP+",
          "status": "active"
        },
        {
          "name": "SFP/SFP+02",
          "type": "SFP/SFP+",
          "status": "active"
        },
        {
          "name": "SFP/SFP+03",
          "type": "SFP/SFP+",
          "status": "active"
        },
        {
          "name": "TTY01",
          "type": "TTY",
          "status": "active"
        }
      ],
      "notes": "Collegamento Switch D-link (vecchi 2 Elba) Rack-Network-02"
    },
    {
      "id": 11,
      "rackId": "Rack-Network-01",
      "order": 11,
      "name": "Imola-LX-GW-TLC-FO",
      "brandModel": "Imola LX 5272 IKW",
      "type": "router",
      "status": "active",
      "addresses": [
        {
          "network": "80.18.165.234/29",
          "ip": "172.24.254.10/24",
          "vlan": null
        }
      ],
      "service": "Fibra TIM???",
      "ports": [
        {
          "name": "WAN01",
          "type": "WAN",
          "status": "active"
        },
        {
          "name": "eth1",
          "type": "Eth",
          "status": "active"
        },
        {
          "name": "eth2",
          "type": "Eth",
          "status": "active"
        },
        {
          "name": "eth3",
          "type": "Eth",
          "status": "active"
        },
        {
          "name": "eth4",
          "type": "Eth",
          "status": "active"
        }
      ],
      "notes": "GW Fibra Tim???\nGestione Telecamera di sicurezza sistema 80.18.165.238 ???"
    },
    {
      "id": 12,
      "rackId": "Rack-Network-01",
      "order": 12,
      "name": "Imola7",
      "brandModel": "Imola7-0286-Luciano",
      "type": "switch",
      "status": "disabled",
      "addresses": [],
      "service": "Switch per test",
      "ports": [
        {
          "name": "eth1",
          "type": "Eth",
          "status": "active"
        },
        {
          "name": "eth2",
          "type": "Eth",
          "status": "active"
        },
        {
          "name": "eth3",
          "type": "Eth",
          "status": "active"
        },
        {
          "name": "eth4",
          "type": "Eth",
          "status": "active"
        },
        {
          "name": "SFP/SFP+01",
          "type": "SFP/SFP+",
          "status": "active"
        },
        {
          "name": "SFP/SFP+02",
          "type": "SFP/SFP+",
          "status": "active"
        },
        {
          "name": "SFP/SFP+03",
          "type": "SFP/SFP+",
          "status": "active"
        },
        {
          "name": "SFP/SFP+04",
          "type": "SFP/SFP+",
          "status": "active"
        },
        {
          "name": "SFP/SFP+05",
          "type": "SFP/SFP+",
          "status": "active"
        },
        {
          "name": "SFP/SFP+06",
          "type": "SFP/SFP+",
          "status": "active"
        },
        {
          "name": "TTY01",
          "type": "TTY",
          "status": "active"
        }
      ],
      "notes": ""
    },
    {
      "id": 13,
      "rackId": "Rack-Network-01",
      "order": 13,
      "name": "OVP-Tiesse-TWO",
      "brandModel": "VPN Aziendale Tiesse",
      "type": "router",
      "status": "active",
      "addresses": [
        {
          "network": "80.18.165.235/29",
          "ip": "",
          "vlan": null
        }
      ],
      "service": "OpenVPN",
      "ports": [
        {
          "name": "eth1",
          "type": "Eth",
          "status": "active"
        },
        {
          "name": "eth2",
          "type": "Eth",
          "status": "active"
        },
        {
          "name": "eth3",
          "type": "Eth",
          "status": "active"
        },
        {
          "name": "eth4",
          "type": "Eth",
          "status": "active"
        },
        {
          "name": "WAN01",
          "type": "WAN",
          "status": "active"
        }
      ],
      "notes": "Gestione VPN per Tiesse"
    },
    {
      "id": 14,
      "rackId": "Rack-Network-02",
      "order": 1,
      "name": "Patch Panel 01",
      "brandModel": "",
      "type": "patch",
      "status": "active",
      "addresses": [],
      "service": "Patch Panel",
      "ports": [
        {
          "name": "eth1",
          "type": "Eth",
          "status": "active"
        },
        {
          "name": "eth2",
          "type": "Eth",
          "status": "active"
        },
        {
          "name": "eth3",
          "type": "Eth",
          "status": "active"
        },
        {
          "name": "eth4",
          "type": "Eth",
          "status": "active"
        },
        {
          "name": "eth5",
          "type": "Eth",
          "status": "active"
        },
        {
          "name": "eth6",
          "type": "Eth",
          "status": "active"
        },
        {
          "name": "eth7",
          "type": "Eth",
          "status": "active"
        },
        {
          "name": "eth8",
          "type": "Eth",
          "status": "active"
        },
        {
          "name": "eth9",
          "type": "Eth",
          "status": "active"
        },
        {
          "name": "eth10",
          "type": "Eth",
          "status": "active"
        },
        {
          "name": "eth11",
          "type": "Eth",
          "status": "active"
        },
        {
          "name": "eth12",
          "type": "Eth",
          "status": "active"
        },
        {
          "name": "eth13",
          "type": "Eth",
          "status": "active"
        },
        {
          "name": "eth14",
          "type": "Eth",
          "status": "active"
        },
        {
          "name": "eth15",
          "type": "Eth",
          "status": "active"
        },
        {
          "name": "eth16",
          "type": "Eth",
          "status": "active"
        },
        {
          "name": "eth17",
          "type": "Eth",
          "status": "active"
        },
        {
          "name": "eth18",
          "type": "Eth",
          "status": "active"
        },
        {
          "name": "eth19",
          "type": "Eth",
          "status": "active"
        },
        {
          "name": "eth20",
          "type": "Eth",
          "status": "active"
        },
        {
          "name": "eth21",
          "type": "Eth",
          "status": "active"
        },
        {
          "name": "eth22",
          "type": "Eth",
          "status": "active"
        },
        {
          "name": "eth23",
          "type": "Eth",
          "status": "active"
        },
        {
          "name": "eth24",
          "type": "Eth",
          "status": "active"
        }
      ],
      "notes": "Patch Panel 01 - Rack-Network-02"
    },
    {
      "id": 15,
      "rackId": "Rack-Network-02",
      "order": 2,
      "name": "Patch Panel 02",
      "brandModel": "",
      "type": "patch",
      "status": "active",
      "addresses": [],
      "service": "Patch Panel",
      "ports": [
        {
          "name": "eth1",
          "type": "Eth",
          "status": "active"
        },
        {
          "name": "eth2",
          "type": "Eth",
          "status": "active"
        },
        {
          "name": "eth3",
          "type": "Eth",
          "status": "active"
        },
        {
          "name": "eth4",
          "type": "Eth",
          "status": "active"
        },
        {
          "name": "eth5",
          "type": "Eth",
          "status": "active"
        },
        {
          "name": "eth6",
          "type": "Eth",
          "status": "active"
        },
        {
          "name": "eth7",
          "type": "Eth",
          "status": "active"
        },
        {
          "name": "eth8",
          "type": "Eth",
          "status": "active"
        },
        {
          "name": "eth9",
          "type": "Eth",
          "status": "active"
        },
        {
          "name": "eth10",
          "type": "Eth",
          "status": "active"
        },
        {
          "name": "eth11",
          "type": "Eth",
          "status": "active"
        },
        {
          "name": "eth12",
          "type": "Eth",
          "status": "active"
        },
        {
          "name": "eth13",
          "type": "Eth",
          "status": "active"
        },
        {
          "name": "eth14",
          "type": "Eth",
          "status": "active"
        },
        {
          "name": "eth15",
          "type": "Eth",
          "status": "active"
        },
        {
          "name": "eth16",
          "type": "Eth",
          "status": "active"
        },
        {
          "name": "eth17",
          "type": "Eth",
          "status": "active"
        },
        {
          "name": "eth18",
          "type": "Eth",
          "status": "active"
        },
        {
          "name": "eth19",
          "type": "Eth",
          "status": "active"
        },
        {
          "name": "eth20",
          "type": "Eth",
          "status": "active"
        },
        {
          "name": "eth21",
          "type": "Eth",
          "status": "active"
        },
        {
          "name": "eth22",
          "type": "Eth",
          "status": "active"
        },
        {
          "name": "eth23",
          "type": "Eth",
          "status": "active"
        },
        {
          "name": "eth24",
          "type": "Eth",
          "status": "active"
        }
      ],
      "notes": "Patch Panel 02 - Rack-Network-02"
    },
    {
      "id": 16,
      "rackId": "Rack-Network-02",
      "order": 3,
      "name": "Switch D-Link",
      "brandModel": "Switch D-Link DGS-1510-52x",
      "type": "switch",
      "status": "active",
      "addresses": [
        {
          "network": "10.10.100.202",
          "ip": "",
          "vlan": null
        }
      ],
      "service": "",
      "ports": [
        {
          "name": "eth1",
          "type": "Eth",
          "status": "active"
        },
        {
          "name": "eth2",
          "type": "Eth",
          "status": "active"
        },
        {
          "name": "eth3",
          "type": "Eth",
          "status": "active"
        },
        {
          "name": "eth4",
          "type": "Eth",
          "status": "active"
        },
        {
          "name": "eth5",
          "type": "Eth",
          "status": "active"
        },
        {
          "name": "eth6",
          "type": "Eth",
          "status": "active"
        },
        {
          "name": "eth7",
          "type": "Eth",
          "status": "active"
        },
        {
          "name": "eth8",
          "type": "Eth",
          "status": "active"
        },
        {
          "name": "eth9",
          "type": "Eth",
          "status": "active"
        },
        {
          "name": "eth10",
          "type": "Eth",
          "status": "active"
        },
        {
          "name": "eth11",
          "type": "Eth",
          "status": "active"
        },
        {
          "name": "eth12",
          "type": "Eth",
          "status": "active"
        },
        {
          "name": "eth13",
          "type": "Eth",
          "status": "active"
        },
        {
          "name": "eth14",
          "type": "Eth",
          "status": "active"
        },
        {
          "name": "eth15",
          "type": "Eth",
          "status": "active"
        },
        {
          "name": "eth16",
          "type": "Eth",
          "status": "active"
        },
        {
          "name": "eth17",
          "type": "Eth",
          "status": "active"
        },
        {
          "name": "eth18",
          "type": "Eth",
          "status": "active"
        },
        {
          "name": "eth19",
          "type": "Eth",
          "status": "active"
        },
        {
          "name": "eth20",
          "type": "Eth",
          "status": "active"
        },
        {
          "name": "eth21",
          "type": "Eth",
          "status": "active"
        },
        {
          "name": "eth22",
          "type": "Eth",
          "status": "active"
        },
        {
          "name": "eth23",
          "type": "Eth",
          "status": "active"
        },
        {
          "name": "eth24",
          "type": "Eth",
          "status": "active"
        },
        {
          "name": "eth25",
          "type": "Eth",
          "status": "active"
        },
        {
          "name": "eth26",
          "type": "Eth",
          "status": "active"
        },
        {
          "name": "eth27",
          "type": "Eth",
          "status": "active"
        },
        {
          "name": "eth28",
          "type": "Eth",
          "status": "active"
        },
        {
          "name": "eth29",
          "type": "Eth",
          "status": "active"
        },
        {
          "name": "eth30",
          "type": "Eth",
          "status": "active"
        },
        {
          "name": "eth31",
          "type": "Eth",
          "status": "active"
        },
        {
          "name": "eth32",
          "type": "Eth",
          "status": "active"
        },
        {
          "name": "eth33",
          "type": "Eth",
          "status": "active"
        },
        {
          "name": "eth34",
          "type": "Eth",
          "status": "active"
        },
        {
          "name": "eth35",
          "type": "Eth",
          "status": "active"
        },
        {
          "name": "eth36",
          "type": "Eth",
          "status": "active"
        },
        {
          "name": "eth37",
          "type": "Eth",
          "status": "active"
        },
        {
          "name": "eth38",
          "type": "Eth",
          "status": "active"
        },
        {
          "name": "eth39",
          "type": "Eth",
          "status": "active"
        },
        {
          "name": "eth40",
          "type": "Eth",
          "status": "active"
        },
        {
          "name": "eth41",
          "type": "Eth",
          "status": "active"
        },
        {
          "name": "eth42",
          "type": "Eth",
          "status": "active"
        },
        {
          "name": "eth43",
          "type": "Eth",
          "status": "active"
        },
        {
          "name": "eth44",
          "type": "Eth",
          "status": "active"
        },
        {
          "name": "eth45",
          "type": "Eth",
          "status": "active"
        },
        {
          "name": "eth46",
          "type": "Eth",
          "status": "active"
        },
        {
          "name": "eth47",
          "type": "Eth",
          "status": "active"
        },
        {
          "name": "eth48",
          "type": "Eth",
          "status": "active"
        },
        {
          "name": "TTY01",
          "type": "TTY",
          "status": "active"
        },
        {
          "name": "GbE01",
          "type": "GbE",
          "status": "active"
        },
        {
          "name": "GbE02",
          "type": "GbE",
          "status": "active"
        },
        {
          "name": "GbE03",
          "type": "GbE",
          "status": "active"
        },
        {
          "name": "GbE04",
          "type": "GbE",
          "status": "active"
        }
      ],
      "notes": "Le 4 ultime porte (45,46,47,48) appartengono a un'altra rete.\nQuesto Dlink ha sostituito due switch Elba."
    },
    {
      "id": 17,
      "rackId": "Rack-Router-Lottomatica",
      "order": 1,
      "name": "MikroTik Router Board",
      "brandModel": "RB3011 Ui AS-RM",
      "type": "router",
      "status": "active",
      "addresses": [],
      "service": "",
      "ports": [
        {
          "name": "SFP/SFP+01",
          "type": "SFP/SFP+",
          "status": "active"
        },
        {
          "name": "eth1",
          "type": "Eth",
          "status": "active"
        },
        {
          "name": "eth2",
          "type": "Eth",
          "status": "active"
        },
        {
          "name": "eth3",
          "type": "Eth",
          "status": "active"
        },
        {
          "name": "eth4",
          "type": "Eth",
          "status": "active"
        },
        {
          "name": "eth5",
          "type": "Eth",
          "status": "active"
        },
        {
          "name": "eth6",
          "type": "Eth",
          "status": "active"
        },
        {
          "name": "eth7",
          "type": "Eth",
          "status": "active"
        },
        {
          "name": "eth8",
          "type": "Eth",
          "status": "active"
        },
        {
          "name": "eth9",
          "type": "Eth",
          "status": "active"
        },
        {
          "name": "eth10",
          "type": "Eth",
          "status": "active"
        }
      ],
      "notes": ""
    },
    {
      "id": 18,
      "rackId": "Rack-Router-Lottomatica",
      "order": 7,
      "name": "Imola 5873 - Eolo",
      "brandModel": "Imola 5873",
      "type": "router",
      "status": "active",
      "addresses": [
        {
          "network": "172.25.100.6/29",
          "ip": "",
          "vlan": null
        }
      ],
      "service": "",
      "ports": [
        {
          "name": "eth1",
          "type": "Eth",
          "status": "active"
        },
        {
          "name": "eth2",
          "type": "Eth",
          "status": "active"
        },
        {
          "name": "eth3",
          "type": "Eth",
          "status": "active"
        },
        {
          "name": "eth4",
          "type": "Eth",
          "status": "active"
        },
        {
          "name": "eth5",
          "type": "Eth",
          "status": "active"
        },
        {
          "name": "eth6",
          "type": "Eth",
          "status": "active"
        },
        {
          "name": "eth7",
          "type": "Eth",
          "status": "active"
        },
        {
          "name": "eth8",
          "type": "Eth",
          "status": "active"
        },
        {
          "name": "eth9",
          "type": "Eth",
          "status": "active"
        },
        {
          "name": "eth10",
          "type": "Eth",
          "status": "active"
        },
        {
          "name": "eth11",
          "type": "Eth",
          "status": "active"
        },
        {
          "name": "eth12",
          "type": "Eth",
          "status": "active"
        },
        {
          "name": "WAN01",
          "type": "WAN",
          "status": "active"
        }
      ],
      "notes": "Eolo"
    },
    {
      "id": 19,
      "rackId": "Rack-Router-Lottomatica",
      "order": 6,
      "name": "Imola 5860",
      "brandModel": "Imola 5860 IKW POE",
      "type": "router",
      "status": "active",
      "addresses": [],
      "service": "",
      "ports": [
        {
          "name": "eth1",
          "type": "Eth",
          "status": "active"
        },
        {
          "name": "eth2",
          "type": "Eth",
          "status": "active"
        },
        {
          "name": "eth3",
          "type": "Eth",
          "status": "active"
        },
        {
          "name": "eth4",
          "type": "Eth",
          "status": "active"
        },
        {
          "name": "eth5",
          "type": "Eth",
          "status": "active"
        },
        {
          "name": "eth6",
          "type": "Eth",
          "status": "active"
        },
        {
          "name": "eth7",
          "type": "Eth",
          "status": "active"
        },
        {
          "name": "eth8",
          "type": "Eth",
          "status": "active"
        },
        {
          "name": "eth9",
          "type": "Eth",
          "status": "active"
        },
        {
          "name": "eth10",
          "type": "Eth",
          "status": "active"
        },
        {
          "name": "eth11",
          "type": "Eth",
          "status": "active"
        },
        {
          "name": "eth12",
          "type": "Eth",
          "status": "active"
        },
        {
          "name": "WAN01",
          "type": "WAN",
          "status": "active"
        }
      ],
      "notes": "Eolo?"
    },
    {
      "id": 20,
      "rackId": "Rack-Router-Lottomatica",
      "order": 5,
      "name": "Imola-LX-SED-GW",
      "brandModel": "Imola-LX-SED-GW",
      "type": "router",
      "status": "active",
      "addresses": [
        {
          "network": "172.25.100.1/29",
          "ip": "172.24.254.15/24",
          "vlan": null
        }
      ],
      "service": "GW rete Lottomatica",
      "ports": [
        {
          "name": "eth1",
          "type": "Eth",
          "status": "active"
        },
        {
          "name": "eth2",
          "type": "Eth",
          "status": "active"
        },
        {
          "name": "eth3",
          "type": "Eth",
          "status": "active"
        },
        {
          "name": "eth4",
          "type": "Eth",
          "status": "active"
        },
        {
          "name": "WAN01",
          "type": "WAN",
          "status": "active"
        }
      ],
      "notes": "Accesso rete Lottomatica"
    },
    {
      "id": 21,
      "rackId": "Rack-Router-Lottomatica",
      "order": 4,
      "name": "Imola FASTWEB8/36-ADSL",
      "brandModel": "Imola 4860-IKW-POE",
      "type": "router",
      "status": "disabled",
      "addresses": [
        {
          "network": "172.25.100.2/24",
          "ip": "",
          "vlan": null
        }
      ],
      "service": "",
      "ports": [
        {
          "name": "eth1",
          "type": "Eth",
          "status": "active"
        },
        {
          "name": "eth2",
          "type": "Eth",
          "status": "active"
        },
        {
          "name": "eth3",
          "type": "Eth",
          "status": "active"
        },
        {
          "name": "eth4",
          "type": "Eth",
          "status": "active"
        },
        {
          "name": "eth5",
          "type": "Eth",
          "status": "active"
        },
        {
          "name": "eth6",
          "type": "Eth",
          "status": "active"
        },
        {
          "name": "eth7",
          "type": "Eth",
          "status": "active"
        },
        {
          "name": "eth8",
          "type": "Eth",
          "status": "active"
        }
      ],
      "notes": "è Morto?"
    },
    {
      "id": 22,
      "rackId": "Rack-Router-Lottomatica",
      "order": 3,
      "name": "Imola L.W.A2-02-Z",
      "brandModel": "Imola 5872-ikf-ikw-POE",
      "type": "router",
      "status": "active",
      "addresses": [
        {
          "network": "172.25.100.3/24",
          "ip": "",
          "vlan": null
        }
      ],
      "service": "lottomatica",
      "ports": [
        {
          "name": "WAN01",
          "type": "WAN",
          "status": "active"
        },
        {
          "name": "eth1",
          "type": "Eth",
          "status": "active"
        },
        {
          "name": "eth2",
          "type": "Eth",
          "status": "active"
        },
        {
          "name": "eth3",
          "type": "Eth",
          "status": "active"
        },
        {
          "name": "eth4",
          "type": "Eth",
          "status": "active"
        },
        {
          "name": "eth5",
          "type": "Eth",
          "status": "active"
        },
        {
          "name": "eth6",
          "type": "Eth",
          "status": "active"
        },
        {
          "name": "eth7",
          "type": "Eth",
          "status": "active"
        },
        {
          "name": "eth8",
          "type": "Eth",
          "status": "active"
        },
        {
          "name": "eth9",
          "type": "Eth",
          "status": "active"
        },
        {
          "name": "eth10",
          "type": "Eth",
          "status": "active"
        },
        {
          "name": "eth11",
          "type": "Eth",
          "status": "active"
        },
        {
          "name": "eth12",
          "type": "Eth",
          "status": "active"
        }
      ],
      "notes": "Accesso rete Lottomatica"
    },
    {
      "id": 23,
      "rackId": "Rack-Router-Lottomatica",
      "order": 2,
      "name": "Imola 5873-TLC",
      "brandModel": "Imola 5873-IKF-IK2W-POE",
      "type": "router",
      "status": "active",
      "addresses": [
        {
          "network": "172.25.100.4",
          "ip": "",
          "vlan": null
        }
      ],
      "service": "Lottomatica",
      "ports": [
        {
          "name": "WAN01",
          "type": "WAN",
          "status": "active"
        },
        {
          "name": "eth1",
          "type": "Eth",
          "status": "active"
        },
        {
          "name": "eth2",
          "type": "Eth",
          "status": "active"
        },
        {
          "name": "eth3",
          "type": "Eth",
          "status": "active"
        },
        {
          "name": "eth4",
          "type": "Eth",
          "status": "active"
        },
        {
          "name": "eth5",
          "type": "Eth",
          "status": "active"
        },
        {
          "name": "eth6",
          "type": "Eth",
          "status": "active"
        },
        {
          "name": "eth7",
          "type": "Eth",
          "status": "active"
        },
        {
          "name": "eth8",
          "type": "Eth",
          "status": "active"
        },
        {
          "name": "eth9",
          "type": "Eth",
          "status": "active"
        },
        {
          "name": "eth10",
          "type": "Eth",
          "status": "active"
        },
        {
          "name": "eth11",
          "type": "Eth",
          "status": "active"
        },
        {
          "name": "eth12",
          "type": "Eth",
          "status": "active"
        }
      ],
      "notes": ""
    },
    {
      "id": 24,
      "rackId": "IDENTIFICARE",
      "order": 99,
      "name": "INVESTIGARE",
      "brandModel": "DOBBIAMO IDENTIFICARE",
      "type": "others",
      "status": "active",
      "addresses": [],
      "service": "",
      "ports": [
        {
          "name": "eth1",
          "type": "Eth",
          "status": "active"
        },
        {
          "name": "eth2",
          "type": "Eth",
          "status": "active"
        },
        {
          "name": "eth3",
          "type": "Eth",
          "status": "active"
        },
        {
          "name": "eth4",
          "type": "Eth",
          "status": "active"
        },
        {
          "name": "eth5",
          "type": "Eth",
          "status": "active"
        },
        {
          "name": "eth6",
          "type": "Eth",
          "status": "active"
        },
        {
          "name": "eth7",
          "type": "Eth",
          "status": "active"
        },
        {
          "name": "eth8",
          "type": "Eth",
          "status": "active"
        },
        {
          "name": "eth9",
          "type": "Eth",
          "status": "active"
        },
        {
          "name": "eth10",
          "type": "Eth",
          "status": "active"
        },
        {
          "name": "eth11",
          "type": "Eth",
          "status": "active"
        },
        {
          "name": "eth12",
          "type": "Eth",
          "status": "active"
        },
        {
          "name": "eth13",
          "type": "Eth",
          "status": "active"
        },
        {
          "name": "eth14",
          "type": "Eth",
          "status": "active"
        },
        {
          "name": "eth15",
          "type": "Eth",
          "status": "active"
        },
        {
          "name": "eth16",
          "type": "Eth",
          "status": "active"
        },
        {
          "name": "eth17",
          "type": "Eth",
          "status": "active"
        },
        {
          "name": "eth18",
          "type": "Eth",
          "status": "active"
        },
        {
          "name": "eth19",
          "type": "Eth",
          "status": "active"
        },
        {
          "name": "eth20",
          "type": "Eth",
          "status": "active"
        },
        {
          "name": "eth21",
          "type": "Eth",
          "status": "active"
        },
        {
          "name": "eth22",
          "type": "Eth",
          "status": "active"
        },
        {
          "name": "eth23",
          "type": "Eth",
          "status": "active"
        },
        {
          "name": "eth24",
          "type": "Eth",
          "status": "active"
        },
        {
          "name": "eth25",
          "type": "Eth",
          "status": "active"
        },
        {
          "name": "eth26",
          "type": "Eth",
          "status": "active"
        },
        {
          "name": "eth27",
          "type": "Eth",
          "status": "active"
        },
        {
          "name": "eth28",
          "type": "Eth",
          "status": "active"
        },
        {
          "name": "eth29",
          "type": "Eth",
          "status": "active"
        },
        {
          "name": "eth30",
          "type": "Eth",
          "status": "active"
        },
        {
          "name": "eth31",
          "type": "Eth",
          "status": "active"
        },
        {
          "name": "eth32",
          "type": "Eth",
          "status": "active"
        },
        {
          "name": "eth33",
          "type": "Eth",
          "status": "active"
        },
        {
          "name": "eth34",
          "type": "Eth",
          "status": "active"
        },
        {
          "name": "eth35",
          "type": "Eth",
          "status": "active"
        },
        {
          "name": "eth36",
          "type": "Eth",
          "status": "active"
        },
        {
          "name": "eth37",
          "type": "Eth",
          "status": "active"
        },
        {
          "name": "eth38",
          "type": "Eth",
          "status": "active"
        },
        {
          "name": "eth39",
          "type": "Eth",
          "status": "active"
        },
        {
          "name": "eth40",
          "type": "Eth",
          "status": "active"
        },
        {
          "name": "eth41",
          "type": "Eth",
          "status": "active"
        },
        {
          "name": "eth42",
          "type": "Eth",
          "status": "active"
        },
        {
          "name": "eth43",
          "type": "Eth",
          "status": "active"
        },
        {
          "name": "eth44",
          "type": "Eth",
          "status": "active"
        },
        {
          "name": "eth45",
          "type": "Eth",
          "status": "active"
        },
        {
          "name": "eth46",
          "type": "Eth",
          "status": "active"
        },
        {
          "name": "eth47",
          "type": "Eth",
          "status": "active"
        },
        {
          "name": "eth48",
          "type": "Eth",
          "status": "active"
        },
        {
          "name": "eth49",
          "type": "Eth",
          "status": "active"
        },
        {
          "name": "eth50",
          "type": "Eth",
          "status": "active"
        },
        {
          "name": "eth51",
          "type": "Eth",
          "status": "active"
        },
        {
          "name": "eth52",
          "type": "Eth",
          "status": "active"
        },
        {
          "name": "eth53",
          "type": "Eth",
          "status": "active"
        },
        {
          "name": "eth54",
          "type": "Eth",
          "status": "active"
        },
        {
          "name": "eth55",
          "type": "Eth",
          "status": "active"
        },
        {
          "name": "eth56",
          "type": "Eth",
          "status": "active"
        },
        {
          "name": "eth57",
          "type": "Eth",
          "status": "active"
        },
        {
          "name": "eth58",
          "type": "Eth",
          "status": "active"
        },
        {
          "name": "eth59",
          "type": "Eth",
          "status": "active"
        },
        {
          "name": "eth60",
          "type": "Eth",
          "status": "active"
        },
        {
          "name": "eth61",
          "type": "Eth",
          "status": "active"
        },
        {
          "name": "eth62",
          "type": "Eth",
          "status": "active"
        },
        {
          "name": "eth63",
          "type": "Eth",
          "status": "active"
        },
        {
          "name": "eth64",
          "type": "Eth",
          "status": "active"
        },
        {
          "name": "eth65",
          "type": "Eth",
          "status": "active"
        },
        {
          "name": "eth66",
          "type": "Eth",
          "status": "active"
        },
        {
          "name": "eth67",
          "type": "Eth",
          "status": "active"
        },
        {
          "name": "eth68",
          "type": "Eth",
          "status": "active"
        },
        {
          "name": "eth69",
          "type": "Eth",
          "status": "active"
        },
        {
          "name": "eth70",
          "type": "Eth",
          "status": "active"
        },
        {
          "name": "eth71",
          "type": "Eth",
          "status": "active"
        },
        {
          "name": "eth72",
          "type": "Eth",
          "status": "active"
        },
        {
          "name": "eth73",
          "type": "Eth",
          "status": "active"
        },
        {
          "name": "eth74",
          "type": "Eth",
          "status": "active"
        },
        {
          "name": "eth75",
          "type": "Eth",
          "status": "active"
        },
        {
          "name": "eth76",
          "type": "Eth",
          "status": "active"
        },
        {
          "name": "eth77",
          "type": "Eth",
          "status": "active"
        },
        {
          "name": "eth78",
          "type": "Eth",
          "status": "active"
        },
        {
          "name": "eth79",
          "type": "Eth",
          "status": "active"
        },
        {
          "name": "eth80",
          "type": "Eth",
          "status": "active"
        },
        {
          "name": "eth81",
          "type": "Eth",
          "status": "active"
        },
        {
          "name": "eth82",
          "type": "Eth",
          "status": "active"
        },
        {
          "name": "eth83",
          "type": "Eth",
          "status": "active"
        },
        {
          "name": "eth84",
          "type": "Eth",
          "status": "active"
        },
        {
          "name": "eth85",
          "type": "Eth",
          "status": "active"
        },
        {
          "name": "eth86",
          "type": "Eth",
          "status": "active"
        },
        {
          "name": "eth87",
          "type": "Eth",
          "status": "active"
        },
        {
          "name": "eth88",
          "type": "Eth",
          "status": "active"
        },
        {
          "name": "eth89",
          "type": "Eth",
          "status": "active"
        },
        {
          "name": "eth90",
          "type": "Eth",
          "status": "active"
        },
        {
          "name": "eth91",
          "type": "Eth",
          "status": "active"
        },
        {
          "name": "eth92",
          "type": "Eth",
          "status": "active"
        },
        {
          "name": "eth93",
          "type": "Eth",
          "status": "active"
        },
        {
          "name": "eth94",
          "type": "Eth",
          "status": "active"
        },
        {
          "name": "eth95",
          "type": "Eth",
          "status": "active"
        },
        {
          "name": "eth96",
          "type": "Eth",
          "status": "active"
        },
        {
          "name": "eth97",
          "type": "Eth",
          "status": "active"
        },
        {
          "name": "eth98",
          "type": "Eth",
          "status": "active"
        },
        {
          "name": "eth99",
          "type": "Eth",
          "status": "active"
        }
      ],
      "notes": "CONNESSIONI,CAVI ECC, CHE DOBBIAMO IDENTIFICARE"
    },
    {
      "id": 25,
      "rackId": "Rack-Fonia",
      "order": 5,
      "name": "DVR/NVR",
      "brandModel": "Dahua TVCC",
      "type": "others",
      "status": "active",
      "addresses": [
        {
          "network": "88.18.165.238",
          "ip": "",
          "vlan": null
        }
      ],
      "service": "Video Sorveglianza",
      "ports": [
        {
          "name": "eth1",
          "type": "Eth",
          "status": "active"
        }
      ],
      "notes": "TVCC - DVR"
    },
    {
      "id": 26,
      "rackId": "LOCALI DIVERSI",
      "order": 1,
      "name": "LOCALI DIVERSI - Tiesse",
      "brandModel": "",
      "type": "others",
      "status": "active",
      "addresses": [],
      "service": "",
      "ports": [
        {
          "name": "eth1",
          "type": "Eth",
          "status": "active"
        },
        {
          "name": "eth2",
          "type": "Eth",
          "status": "active"
        },
        {
          "name": "eth3",
          "type": "Eth",
          "status": "active"
        },
        {
          "name": "eth4",
          "type": "Eth",
          "status": "active"
        },
        {
          "name": "eth5",
          "type": "Eth",
          "status": "active"
        },
        {
          "name": "eth6",
          "type": "Eth",
          "status": "active"
        },
        {
          "name": "eth7",
          "type": "Eth",
          "status": "active"
        },
        {
          "name": "eth8",
          "type": "Eth",
          "status": "active"
        },
        {
          "name": "eth9",
          "type": "Eth",
          "status": "active"
        },
        {
          "name": "eth10",
          "type": "Eth",
          "status": "active"
        },
        {
          "name": "eth11",
          "type": "Eth",
          "status": "active"
        },
        {
          "name": "eth12",
          "type": "Eth",
          "status": "active"
        },
        {
          "name": "eth13",
          "type": "Eth",
          "status": "active"
        },
        {
          "name": "eth14",
          "type": "Eth",
          "status": "active"
        },
        {
          "name": "eth15",
          "type": "Eth",
          "status": "active"
        },
        {
          "name": "eth16",
          "type": "Eth",
          "status": "active"
        },
        {
          "name": "eth17",
          "type": "Eth",
          "status": "active"
        },
        {
          "name": "eth18",
          "type": "Eth",
          "status": "active"
        },
        {
          "name": "eth19",
          "type": "Eth",
          "status": "active"
        },
        {
          "name": "eth20",
          "type": "Eth",
          "status": "active"
        },
        {
          "name": "eth21",
          "type": "Eth",
          "status": "active"
        },
        {
          "name": "eth22",
          "type": "Eth",
          "status": "active"
        },
        {
          "name": "eth23",
          "type": "Eth",
          "status": "active"
        },
        {
          "name": "eth24",
          "type": "Eth",
          "status": "active"
        },
        {
          "name": "eth25",
          "type": "Eth",
          "status": "active"
        },
        {
          "name": "eth26",
          "type": "Eth",
          "status": "active"
        },
        {
          "name": "eth27",
          "type": "Eth",
          "status": "active"
        },
        {
          "name": "eth28",
          "type": "Eth",
          "status": "active"
        },
        {
          "name": "eth29",
          "type": "Eth",
          "status": "active"
        },
        {
          "name": "eth30",
          "type": "Eth",
          "status": "active"
        },
        {
          "name": "eth31",
          "type": "Eth",
          "status": "active"
        },
        {
          "name": "eth32",
          "type": "Eth",
          "status": "active"
        },
        {
          "name": "eth33",
          "type": "Eth",
          "status": "active"
        },
        {
          "name": "eth34",
          "type": "Eth",
          "status": "active"
        },
        {
          "name": "eth35",
          "type": "Eth",
          "status": "active"
        },
        {
          "name": "eth36",
          "type": "Eth",
          "status": "active"
        },
        {
          "name": "eth37",
          "type": "Eth",
          "status": "active"
        },
        {
          "name": "eth38",
          "type": "Eth",
          "status": "active"
        },
        {
          "name": "eth39",
          "type": "Eth",
          "status": "active"
        },
        {
          "name": "eth40",
          "type": "Eth",
          "status": "active"
        },
        {
          "name": "eth41",
          "type": "Eth",
          "status": "active"
        },
        {
          "name": "eth42",
          "type": "Eth",
          "status": "active"
        },
        {
          "name": "eth43",
          "type": "Eth",
          "status": "active"
        },
        {
          "name": "eth44",
          "type": "Eth",
          "status": "active"
        },
        {
          "name": "eth45",
          "type": "Eth",
          "status": "active"
        },
        {
          "name": "eth46",
          "type": "Eth",
          "status": "active"
        },
        {
          "name": "eth47",
          "type": "Eth",
          "status": "active"
        },
        {
          "name": "eth48",
          "type": "Eth",
          "status": "active"
        },
        {
          "name": "eth49",
          "type": "Eth",
          "status": "active"
        },
        {
          "name": "eth50",
          "type": "Eth",
          "status": "active"
        },
        {
          "name": "eth51",
          "type": "Eth",
          "status": "active"
        },
        {
          "name": "eth52",
          "type": "Eth",
          "status": "active"
        },
        {
          "name": "eth53",
          "type": "Eth",
          "status": "active"
        },
        {
          "name": "eth54",
          "type": "Eth",
          "status": "active"
        },
        {
          "name": "eth55",
          "type": "Eth",
          "status": "active"
        },
        {
          "name": "eth56",
          "type": "Eth",
          "status": "active"
        },
        {
          "name": "eth57",
          "type": "Eth",
          "status": "active"
        },
        {
          "name": "eth58",
          "type": "Eth",
          "status": "active"
        },
        {
          "name": "eth59",
          "type": "Eth",
          "status": "active"
        },
        {
          "name": "eth60",
          "type": "Eth",
          "status": "active"
        },
        {
          "name": "eth61",
          "type": "Eth",
          "status": "active"
        },
        {
          "name": "eth62",
          "type": "Eth",
          "status": "active"
        },
        {
          "name": "eth63",
          "type": "Eth",
          "status": "active"
        },
        {
          "name": "eth64",
          "type": "Eth",
          "status": "active"
        },
        {
          "name": "eth65",
          "type": "Eth",
          "status": "active"
        },
        {
          "name": "eth66",
          "type": "Eth",
          "status": "active"
        },
        {
          "name": "eth67",
          "type": "Eth",
          "status": "active"
        },
        {
          "name": "eth68",
          "type": "Eth",
          "status": "active"
        },
        {
          "name": "eth69",
          "type": "Eth",
          "status": "active"
        },
        {
          "name": "eth70",
          "type": "Eth",
          "status": "active"
        },
        {
          "name": "eth71",
          "type": "Eth",
          "status": "active"
        },
        {
          "name": "eth72",
          "type": "Eth",
          "status": "active"
        },
        {
          "name": "eth73",
          "type": "Eth",
          "status": "active"
        },
        {
          "name": "eth74",
          "type": "Eth",
          "status": "active"
        },
        {
          "name": "eth75",
          "type": "Eth",
          "status": "active"
        },
        {
          "name": "eth76",
          "type": "Eth",
          "status": "active"
        },
        {
          "name": "eth77",
          "type": "Eth",
          "status": "active"
        },
        {
          "name": "eth78",
          "type": "Eth",
          "status": "active"
        },
        {
          "name": "eth79",
          "type": "Eth",
          "status": "active"
        },
        {
          "name": "eth80",
          "type": "Eth",
          "status": "active"
        },
        {
          "name": "eth81",
          "type": "Eth",
          "status": "active"
        },
        {
          "name": "eth82",
          "type": "Eth",
          "status": "active"
        },
        {
          "name": "eth83",
          "type": "Eth",
          "status": "active"
        },
        {
          "name": "eth84",
          "type": "Eth",
          "status": "active"
        },
        {
          "name": "eth85",
          "type": "Eth",
          "status": "active"
        },
        {
          "name": "eth86",
          "type": "Eth",
          "status": "active"
        },
        {
          "name": "eth87",
          "type": "Eth",
          "status": "active"
        },
        {
          "name": "eth88",
          "type": "Eth",
          "status": "active"
        },
        {
          "name": "eth89",
          "type": "Eth",
          "status": "active"
        },
        {
          "name": "eth90",
          "type": "Eth",
          "status": "active"
        },
        {
          "name": "eth91",
          "type": "Eth",
          "status": "active"
        },
        {
          "name": "eth92",
          "type": "Eth",
          "status": "active"
        },
        {
          "name": "eth93",
          "type": "Eth",
          "status": "active"
        },
        {
          "name": "eth94",
          "type": "Eth",
          "status": "active"
        },
        {
          "name": "eth95",
          "type": "Eth",
          "status": "active"
        },
        {
          "name": "eth96",
          "type": "Eth",
          "status": "active"
        },
        {
          "name": "eth97",
          "type": "Eth",
          "status": "active"
        },
        {
          "name": "eth98",
          "type": "Eth",
          "status": "active"
        },
        {
          "name": "eth99",
          "type": "Eth",
          "status": "active"
        }
      ],
      "notes": "Cavi di Varie Località Sparse in Tiesse"
    }
  ],
  "connections": [
    {
      "from": 2,
      "fromPort": "eth0",
      "to": 10,
      "toPort": "eth15",
      "type": "lan",
      "color": "#3b82f6",
      "status": "active",
      "cableMarker": "A2",
      "cableColor": "#ef4444",
      "notes": ""
    },
    {
      "from": 3,
      "fromPort": "eth1",
      "to": 6,
      "toPort": "eth1",
      "type": "lan",
      "color": "#3b82f6",
      "status": "active",
      "cableMarker": "A3",
      "cableColor": "#eab308",
      "notes": ""
    },
    {
      "from": 3,
      "fromPort": "WAN04",
      "to": null,
      "toPort": "",
      "type": "wan",
      "color": "#ef4444",
      "status": "active",
      "cableMarker": "",
      "cableColor": "#3b82f6",
      "notes": "Fiber TIM"
    },
    {
      "from": 1,
      "fromPort": "eth1",
      "to": 10,
      "toPort": "eth10",
      "type": "lan",
      "color": "#3b82f6",
      "status": "active",
      "cableMarker": "A1",
      "cableColor": "#6b7280",
      "notes": ""
    },
    {
      "from": 4,
      "fromPort": "eth1",
      "to": 8,
      "toPort": "eth1",
      "type": "lan",
      "color": "#3b82f6",
      "status": "active",
      "cableMarker": "A4",
      "cableColor": "#3b82f6",
      "notes": ""
    },
    {
      "from": 4,
      "fromPort": "WAN01",
      "to": null,
      "toPort": "",
      "type": "wan",
      "color": "#ef4444",
      "status": "active",
      "cableMarker": "A5",
      "cableColor": "#ef4444",
      "notes": "POE WIND FWA"
    },
    {
      "from": 7,
      "fromPort": "WAN01",
      "to": 10,
      "toPort": "eth20",
      "type": "lan",
      "color": "#3b82f6",
      "status": "active",
      "cableMarker": "A6",
      "cableColor": "#6b7280",
      "notes": ""
    },
    {
      "from": 8,
      "fromPort": "WAN01",
      "to": 6,
      "toPort": "eth8",
      "type": "lan",
      "color": "#3b82f6",
      "status": "active",
      "cableMarker": "A7",
      "cableColor": "#eab308",
      "notes": ""
    },
    {
      "from": 8,
      "fromPort": "eth3",
      "to": 16,
      "toPort": "eth48",
      "type": "lan",
      "color": "#3b82f6",
      "status": "active",
      "cableMarker": "C02",
      "cableColor": "#3b82f6",
      "notes": ""
    },
    {
      "from": 9,
      "fromPort": "",
      "to": null,
      "toPort": "",
      "type": "lan",
      "color": "#3b82f6",
      "status": "disabled",
      "cableMarker": "",
      "cableColor": "",
      "notes": ""
    },
    {
      "from": 10,
      "fromPort": "eth11",
      "to": 26,
      "toPort": "eth1",
      "type": "lan",
      "color": "#3b82f6",
      "status": "active",
      "cableMarker": "A96",
      "cableColor": "#6b7280",
      "notes": "ARRIVA SALA RIUNIONI - Z4"
    },
    {
      "from": 6,
      "fromPort": "eth13",
      "to": 25,
      "toPort": "eth1",
      "type": "lan",
      "color": "#3b82f6",
      "status": "active",
      "cableMarker": "97",
      "cableColor": "#22c55e",
      "notes": "Cavo Grigio>>Green"
    },
    {
      "from": 10,
      "fromPort": "eth9",
      "to": 24,
      "toPort": "eth98",
      "type": "other",
      "color": "#6b7280",
      "status": "active",
      "cableMarker": "Z98",
      "cableColor": "#ec4899",
      "notes": "LOCALPORT - Questo cavo arriva Rack-Network-02 \nCavo Green>>Grigio"
    },
    {
      "from": 10,
      "fromPort": "eth24",
      "to": 16,
      "toPort": "eth23",
      "type": "lan",
      "color": "#3b82f6",
      "status": "active",
      "cableMarker": "AB",
      "cableColor": "#3b82f6",
      "notes": "LAN 10.10.0.0/16 - Connessione per Rack-Network-01 >< Rack-Network-02"
    },
    {
      "from": 11,
      "fromPort": "WAN01",
      "to": 6,
      "toPort": "eth2",
      "type": "lan",
      "color": "#3b82f6",
      "status": "active",
      "cableMarker": "A8",
      "cableColor": "#eab308",
      "notes": ""
    },
    {
      "from": 11,
      "fromPort": "eth3",
      "to": 6,
      "toPort": "eth9",
      "type": "lan",
      "color": "#3b82f6",
      "status": "active",
      "cableMarker": "A10",
      "cableColor": "#eab308",
      "notes": ""
    },
    {
      "from": 13,
      "fromPort": "WAN01",
      "to": 6,
      "toPort": "eth11",
      "type": "lan",
      "color": "#3b82f6",
      "status": "active",
      "cableMarker": "A11",
      "cableColor": "#6b7280",
      "notes": ""
    },
    {
      "from": 10,
      "fromPort": "eth2",
      "to": 26,
      "toPort": "eth95",
      "type": "lan",
      "color": "#3b82f6",
      "status": "active",
      "cableMarker": "A95",
      "cableColor": "#6b7280",
      "notes": "UFFICIO LUCIANO - Z2"
    },
    {
      "from": 6,
      "fromPort": "eth10",
      "to": 20,
      "toPort": "WAN01",
      "type": "lan",
      "color": "#3b82f6",
      "status": "active",
      "cableMarker": "C5",
      "cableColor": "#eab308",
      "notes": ""
    }
  ]
}